0,<Response [200]>
1,<Response [200]>
2,<Response [200]>
3,<Response [200]>
4,<Response [200]>
5,<Response [200]>
6,<Response [200]>
7,<Response [200]>
8,<Response [200]>
9,<Response [200]>
10,<Response [200]>
11,<Response [200]>
12,<Response [200]>
13,<Response [200]>
14,<Response [200]>
15,<Response [200]>
16,<Response [200]>
17,<Response [200]>
18,<Response [200]>
19,<Response [200]>
20,<Response [200]>
21,<Response [200]>
22,<Response [200]>
23,<Response [200]>
24,<Response [200]>
25,<Response [200]>
26,<Response [200]>
27,<Response [200]>
28,<Response [200]>
29,<Response [200]>
30,<Response [200]>
31,<Response [200]>
32,<Response [200]>
33,<Response [200]>
34,<Response [200]>
35,<Response [200]>
36,<Response [200]>
37,<Response [200]>
38,<Response [200]>
39,<Response [200]>
40,<Response [200]>
41,<Response [200]>
42,<Response [429]>
43,<Response [200]>
44,<Response [200]>
45,<Response [200]>
46,<Response [200]>
47,error
48,<Response [200]>
49,<Response [200]>
50,<Response [200]>
51,<Response [200]>
52,<Response [200]>
53,<Response [200]>
54,<Response [200]>
55,<Response [200]>
56,<Response [200]>
57,<Response [200]>
58,<Response [200]>
59,<Response [200]>
60,<Response [200]>
61,<Response [200]>
62,<Response [200]>
63,<Response [200]>
64,<Response [200]>
65,<Response [200]>
66,<Response [200]>
67,<Response [200]>
68,<Response [200]>
69,<Response [200]>
70,<Response [200]>
71,<Response [200]>
72,<Response [200]>
73,<Response [200]>
74,<Response [200]>
75,<Response [200]>
76,<Response [200]>
77,<Response [200]>
78,<Response [200]>
79,<Response [200]>
80,<Response [200]>
81,<Response [200]>
82,<Response [200]>
83,<Response [200]>
84,<Response [200]>
85,<Response [403]>
86,<Response [200]>
87,<Response [200]>
88,<Response [200]>
89,<Response [200]>
90,<Response [200]>
91,<Response [200]>
92,<Response [200]>
93,<Response [200]>
94,<Response [200]>
95,<Response [200]>
96,<Response [200]>
97,<Response [200]>
98,<Response [200]>
99,<Response [200]>
100,<Response [200]>
101,<Response [200]>
102,<Response [200]>
103,<Response [200]>
104,<Response [200]>
105,<Response [200]>
106,<Response [200]>
107,<Response [200]>
108,<Response [200]>
109,<Response [200]>
110,<Response [200]>
111,<Response [200]>
112,<Response [403]>
113,<Response [200]>
114,<Response [200]>
115,<Response [200]>
116,<Response [200]>
117,<Response [200]>
118,<Response [200]>
119,<Response [200]>
120,<Response [200]>
121,<Response [200]>
122,<Response [200]>
123,<Response [200]>
124,<Response [200]>
125,<Response [200]>
126,<Response [200]>
127,<Response [200]>
128,<Response [200]>
129,<Response [200]>
130,error
131,<Response [200]>
132,<Response [200]>
133,<Response [200]>
134,<Response [200]>
135,<Response [200]>
136,<Response [200]>
137,<Response [200]>
138,<Response [200]>
139,<Response [200]>
140,<Response [200]>
141,<Response [200]>
142,<Response [200]>
143,<Response [200]>
144,<Response [200]>
145,<Response [200]>
146,<Response [200]>
147,<Response [200]>
148,error
149,<Response [200]>
150,<Response [200]>
151,<Response [200]>
152,<Response [200]>
153,<Response [200]>