1105,<Response [200]>
1106,<Response [200]>
1107,<Response [200]>
1108,<Response [200]>
1109,<Response [200]>
1110,<Response [200]>
1111,<Response [200]>
1112,<Response [200]>
1113,<Response [200]>
1114,<Response [200]>
1115,<Response [200]>
1116,<Response [200]>
1117,<Response [200]>
1118,<Response [200]>
1119,<Response [200]>
1120,<Response [200]>
1121,<Response [200]>
1122,<Response [200]>
1123,<Response [200]>
1124,<Response [200]>
1125,<Response [200]>
1126,<Response [200]>
1127,<Response [200]>
1128,<Response [200]>
1129,<Response [200]>
1130,<Response [502]>
1131,<Response [200]>
1132,<Response [200]>
1133,<Response [200]>
1134,<Response [200]>
1135,<Response [200]>
1136,<Response [200]>
1137,<Response [502]>
1138,<Response [200]>
1139,<Response [200]>
1140,<Response [200]>
1141,<Response [200]>
1142,<Response [200]>
1143,<Response [502]>
1144,<Response [200]>
1145,<Response [502]>
1146,<Response [200]>
1147,<Response [200]>
1148,<Response [200]>
1149,<Response [200]>
1150,<Response [200]>
1151,<Response [200]>
1152,<Response [200]>
1153,<Response [200]>
1154,<Response [200]>
1155,<Response [200]>
1156,<Response [200]>
1157,<Response [200]>
1158,<Response [200]>
1159,<Response [200]>
1160,<Response [200]>
1161,<Response [200]>
1162,<Response [200]>
1163,<Response [200]>
1164,<Response [200]>
1165,<Response [200]>
1166,<Response [200]>
1167,<Response [200]>
1168,<Response [200]>
1169,<Response [200]>
1170,<Response [200]>
1171,<Response [200]>
1172,<Response [200]>
1173,<Response [200]>
1174,<Response [200]>
1175,<Response [200]>
1176,<Response [200]>
1177,<Response [200]>
1178,<Response [200]>
1179,<Response [200]>
1180,<Response [200]>
1181,<Response [200]>
1182,<Response [200]>
1183,<Response [200]>
1184,<Response [200]>
1185,<Response [200]>
1186,<Response [200]>
1187,<Response [200]>
1188,<Response [200]>
1189,<Response [200]>
1190,<Response [200]>
1191,<Response [200]>
1192,<Response [200]>
1193,<Response [200]>
1194,<Response [200]>
1195,<Response [200]>
1196,<Response [200]>
1197,<Response [200]>
1198,<Response [200]>
1199,<Response [200]>
1200,<Response [502]>
1201,<Response [200]>
1202,<Response [200]>
1203,<Response [200]>
1204,<Response [200]>
